CHR,Linked_SNP,Position,p_value,Dprime,Rsquare,PICS_probability
15,rs41374846,96143559,3.432E-09,1.0000,1.0000,0.6485
15,rs59125351,96144157,3.229E-10,0.9703,0.7941,0.0352
15,rs55804812,96151256,4.178E-10,0.9557,0.7758,0.0290
15,rs16975389,96153782,5.801E-10,0.9555,0.7700,0.0272
15,rs10520790,96151040,3.571E-10,0.9486,0.7698,0.0271
15,rs16975396,96158705,9.592E-10,0.9480,0.7581,0.0239
15,rs58878263,96171069,6.361E-10,0.9328,0.7287,0.0172
15,rs8029996,96168770,5.147E-10,0.9325,0.7230,0.0161
15,rs6496128,96168303,5.147E-10,0.9325,0.7230,0.0161
15,rs4628911,96167905,5.147E-10,0.9325,0.7230,0.0161
15,rs8040665,96175692,7.356E-10,0.9254,0.7171,0.0151
15,rs17581137,96146414,1.384E-10,0.9529,0.7125,0.0143
15,rs4544201,96167827,5.147E-10,0.9317,0.7116,0.0142
15,rs4551988,96169589,5.147E-10,0.9183,0.7113,0.0141
15,rs2397810,96148765,1.814E-10,0.9451,0.7008,0.0125
15,rs6496126,96148439,1.814E-10,0.9380,0.7005,0.0124
15,rs8040168,96176096,5.224E-10,0.9233,0.6887,0.0108
